{
  "schema": "workbench.kernel/v1",
  "timestamp": "20260410_132557",
  "commits": {
    "openptxas": "0318671",
    "forge": "4654c73",
    "opencuda": "1763d8a"
  },
  "kernel": "multi_ldg",
  "display": "multi_ldg aliased base (FB-5 canary)",
  "mode": "bench",
  "repeat": 1,
  "ptx_source": "(inline)",
  "build": "PASS",
  "correctness": "PASS",
  "ours": {
    "regs": 8,
    "sass_total": 24,
    "sass_non_nop": 14,
    "compile_ms": 23.520300048403442,
    "time_ms_runs": [
      0.007199999876320362
    ],
    "time_ms_stats": {
      "min": 0.007199999876320362,
      "max": 0.007199999876320362,
      "mean": 0.007199999876320362,
      "stddev": 0.0,
      "n": 1
    }
  },
  "ptxas": {
    "regs": 8,
    "sass_total": 24,
    "sass_non_nop": 14,
    "compile_ms": 16.652900027111173,
    "time_ms_runs": [
      0.0071680000983178616
    ],
    "time_ms_stats": {
      "min": 0.0071680000983178616,
      "max": 0.0071680000983178616,
      "mean": 0.0071680000983178616,
      "stddev": 0.0,
      "n": 1
    }
  },
  "deltas": {
    "regs": 0,
    "sass_total": 0,
    "sass_non_nop": 0,
    "time_ms_mean": 3.1999778002500534e-05
  },
  "metadata": {
    "compaction_attempted": true,
    "compaction_covered": true,
    "compacted": false,
    "compact_regs_before": 8,
    "compact_regs_after": 8,
    "compacted_insts": 0,
    "gpr_fields_rewritten": 0
  }
}